STATE,COUNTY,MONTH,DAY,HOUR,MINUTE,VE_FORMS,PERSONS,PEDS,NHS,ROAD_FNC,ROUTE,SP_JUR,HARM_EV,MAN_COLL,REL_JUNC,REL_ROAD,TRAF_FLO,NO_LANES,SP_LIMIT,ALIGNMNT,PROFILE,PAVE_TYP,SUR_COND,TRA_CONT,T_CONT_F,HIT_RUN,LGT_COND,WEATHER,C_M_ZONE,NOT_HOUR,NOT_MIN,ARR_HOUR,ARR_MIN,HOSP_HR,HOSP_MN,SCH_BUS,CF1,CF2,CF3,FATALS,DAY_WEEK,DRUNK_DR,ST_CASE,CITY,MILEPT,YEAR,TWAY_ID,RAIL,latitude,longitud
1,69,4,27,20,55,2,3,0,1,12,2,0,12,5,2,1,1,2,30,1,1,2,1,3,3,0,3,1,0,99,99,21,0,99,99,0,20,0,0,1,1,1,10264,930,0,2003,US-SR1,0000000,31.223730556,-85.39336111
4,13,4,27,17,20,2,2,0,0,14,6,0,12,2,2,1,3,2,45,1,1,2,1,3,3,0,1,1,0,17,20,17,30,99,99,0,0,0,0,1,1,1,40266,80,0,2003,MCQUEEN RD,0000000,33.313438889,-111.8242028
4,25,4,27,18,27,1,1,0,0,4,3,0,1,0,1,6,1,2,45,2,2,2,1,40,3,0,1,1,0,18,26,18,36,99,99,0,0,0,0,1,1,1,40267,250,3462,2003,SR-89A,0000000,,
12,99,4,27,17,17,1,3,1,0,6,8,0,8,0,1,1,4,1,5,1,1,2,1,99,9,0,1,1,0,17,21,17,25,0,0,0,0,0,0,1,1,0,120861,0,99999,2003,GREEN TREE CIRCLE,0000000,26.616480556,-80.10714722
13,97,4,27,17,34,2,5,0,0,13,2,0,12,2,1,1,1,4,45,1,1,2,1,0,0,0,1,1,0,17,34,17,53,17,56,0,20,0,0,3,1,0,130370,320,0,2003,US-41 (SR 5),0000000,,
17,93,4,27,22,39,1,2,0,0,14,6,0,30,0,1,4,1,2,30,1,1,2,1,0,0,0,2,1,0,22,39,22,99,0,0,0,0,0,0,2,1,2,170368,6620,0,2003,WOLF RD,0000000,41.690527778,-88.31134167
18,3,4,27,21,36,3,3,0,1,2,2,0,12,11,1,1,2,2,45,1,1,9,1,0,0,0,2,1,0,99,99,99,99,99,99,0,0,0,0,1,1,0,180163,0,0,2003,US-30,0000000,41.125297222,-85.21214167
18,3,4,27,16,21,2,3,0,0,16,4,0,12,5,2,1,1,2,99,1,1,9,1,20,3,0,1,1,0,16,21,16,27,99,99,0,0,0,0,1,1,0,180328,1580,0,2003,HARRISON AVE,0000000,41.068502778,-85.13930278
18,129,4,27,23,2,1,1,0,0,16,4,0,42,0,3,6,1,2,99,1,1,9,5,20,3,0,2,1,0,23,2,23,11,99,99,0,0,0,0,1,1,0,180696,0,0,2003,SAVAH RD,0000000,38.025011111,-87.97876944
20,173,4,27,22,34,1,2,0,0,16,6,0,5,0,1,1,1,2,30,1,1,1,1,0,0,0,3,1,0,22,38,22,43,22,58,0,0,0,0,1,1,0,200425,5880,0,2003,SHADYBROOK,0000000,37.720408333,-97.30883611
21,103,4,27,16,55,1,2,0,0,4,3,0,37,0,1,4,1,2,55,2,2,2,1,0,0,0,1,1,0,17,3,17,20,99,99,0,0,0,0,1,1,0,210227,0,206,2003,SR-389,0000000,38.584697222,-85.08013056
22,73,4,27,16,37,1,2,0,0,6,4,0,10,0,6,1,1,2,35,1,1,2,1,72,3,0,1,1,0,16,33,16,55,17,24,0,0,0,0,1,1,0,220200,0,0,2003,GOLSON ROAD,302527S,32.506888889,-92.3245
24,33,4,27,22,5,2,3,0,1,13,2,0,12,5,2,1,2,2,55,1,1,2,1,3,3,0,3,1,0,99,99,99,99,99,99,0,0,0,0,1,1,1,240119,0,84,2003,US-301,0000000,38.761211111,-76.80734444
27,163,4,27,17,55,2,4,0,0,14,4,0,12,5,2,1,1,4,45,1,1,2,1,20,3,0,1,1,0,17,57,18,4,18,21,0,0,0,0,1,1,1,270136,5334,17,2003,10,0000000,44.963266667,-92.94644722
27,67,4,27,19,47,4,7,0,0,14,6,0,12,1,3,1,1,2,40,1,1,2,1,3,3,0,1,1,0,19,47,19,51,20,11,0,0,0,0,1,1,0,270148,7590,1,2003,155,0000000,45.103233333,-95.04233611
29,223,4,27,21,0,1,1,0,0,4,3,0,17,0,1,1,1,2,55,2,1,2,1,40,3,0,2,1,0,99,98,99,98,0,0,0,0,0,0,1,1,1,290270,0,86,2003,SR-V,0000000,37.078958333,-90.60667222
29,189,4,27,18,2,2,2,0,0,16,6,0,12,2,1,1,1,2,35,1,1,1,1,0,0,0,1,1,0,18,2,18,5,99,99,0,0,0,0,1,1,0,290332,2780,0,2003,SHACKELFORDROAD,0000000,38.815630556,-90.34540833
33,19,4,27,20,1,1,2,1,1,2,3,0,9,0,1,2,1,2,50,1,1,2,1,0,0,2,5,1,0,20,1,20,6,20,30,0,0,0,0,1,1,1,330024,50,0,2003,SR-12 & 103,0000000,43.403216667,-72.39478611
34,25,4,27,18,43,1,1,0,0,14,4,0,33,0,1,5,1,2,30,2,1,2,1,0,0,0,1,1,0,99,99,99,99,99,99,0,0,0,0,1,1,1,340157,2920,0,2003,10,0000000,40.375922222,-74.00263056
36,83,4,27,16,34,1,1,0,0,6,5,0,42,0,1,6,1,2,99,2,2,5,2,0,0,0,1,1,0,16,37,16,50,17,45,0,0,0,0,1,1,0,360240,5958,0,2003,FIRETOWER RD,0000000,42.607055556,-73.45281667
36,13,4,27,21,11,1,1,0,0,4,4,0,1,0,1,6,1,2,55,2,2,2,1,0,0,0,2,1,1,21,11,99,99,0,0,0,0,0,0,1,1,1,360271,769,0,2003,CR-45,0000000,42.056783333,-79.29471111
37,57,4,27,17,26,2,2,0,0,5,4,0,12,5,1,1,1,2,45,2,1,2,1,0,0,0,2,1,0,17,26,17,34,18,7,0,0,0,0,1,1,0,370310,0,99999,2003,RP-2250,0000000,35.764611111,-80.22135278
37,119,4,27,19,37,1,2,0,0,16,6,0,42,0,1,4,1,2,45,1,1,2,1,0,0,0,1,1,0,19,37,19,40,19,46,0,0,0,0,1,1,1,370319,2940,99999,2003,E JOHN ST,0000000,35.110861111,-80.70937222
37,37,4,27,19,20,2,7,0,0,4,2,0,11,0,1,1,1,2,55,1,2,2,1,0,0,0,1,1,1,99,99,99,99,99,99,0,14,0,0,1,1,0,370332,0,99999,2003,US-15-501,0000000,35.7776,-79.14368333
39,73,4,27,20,20,1,2,0,0,5,4,0,21,0,1,4,1,2,45,2,1,2,1,0,0,0,1,1,0,0,0,0,0,0,0,0,0,0,0,2,1,0,390305,0,0,2003,26,0000000,39.463747222,-82.31060556
41,25,4,27,19,36,1,4,0,0,3,3,0,1,0,1,4,1,2,55,1,1,2,1,0,0,0,1,1,0,19,38,19,52,20,20,0,0,0,0,3,1,0,410127,0,125,2003,SR-78 (ODOT 442),0000000,43.494683333,-118.8583056
42,1,4,27,20,5,1,1,0,0,5,3,0,37,0,1,4,1,2,45,1,3,2,1,0,0,0,5,1,0,20,4,20,12,0,0,0,0,0,0,1,1,1,420255,0,54,2003,SR-1019,0000000,39.9188,-76.98395556
42,39,4,27,17,55,1,1,0,0,6,5,0,34,0,1,4,1,2,55,1,1,2,1,0,0,0,1,1,0,17,58,18,7,0,0,0,0,0,0,1,1,1,420445,0,0,2003,GRIFFIN RD,0000000,41.562758333,-80.05389167
42,101,4,27,19,8,2,2,0,0,13,3,0,12,3,2,1,2,2,45,1,1,2,1,3,3,0,1,1,0,99,99,99,99,99,99,0,0,0,0,1,1,0,420796,6540,37,2003,SR-6001,0000000,40.032847222,-75.07918611
45,85,4,27,18,16,1,2,1,1,2,2,0,9,0,3,1,1,2,35,1,1,2,1,3,3,0,1,1,0,99,99,18,21,99,99,0,0,0,0,1,1,1,450191,2550,99999,2003,US-76,0000000,33.920761111,-80.32998056
45,51,4,27,17,48,2,2,0,1,2,3,1,12,4,3,1,2,4,50,1,1,2,1,3,3,0,1,1,0,18,11,18,45,99,99,0,0,0,0,1,1,1,450204,0,38.25,2003,SR-9,0000000,33.871969444,-78.67335833
47,9,4,27,18,33,3,7,0,1,2,2,0,12,5,2,1,5,2,50,1,2,2,1,20,3,0,1,1,0,99,99,99,99,99,99,0,0,0,0,1,1,0,470329,1570,79,2003,US-SR33,0000000,35.713869444,-84.02085278
48,257,4,27,17,38,2,3,0,0,4,8,0,12,2,1,4,1,2,55,2,1,2,1,0,0,0,1,1,0,17,46,18,15,18,36,0,0,0,0,2,1,1,480792,0,142,2003,FM1388,0000000,32.515797222,-96.32605278
48,29,4,27,16,21,2,7,0,0,16,5,0,13,2,1,1,2,3,35,1,1,2,1,0,0,1,1,1,0,16,22,16,28,16,39,0,0,0,0,1,1,0,480871,6090,0,2003,GENMCMULLEN,0000000,29.4189,-98.55543056
48,141,4,27,17,15,2,4,0,0,16,5,0,13,5,1,1,2,4,55,1,1,2,1,0,0,0,1,1,0,99,99,99,99,99,99,0,0,0,0,1,1,0,483175,2190,0,2003,RAILROAD,0000000,31.831041667,-106.4322333
51,49,4,27,17,50,2,2,0,0,3,2,0,12,5,2,1,1,2,99,2,1,2,1,0,0,0,1,1,0,99,99,99,99,99,99,0,0,0,0,1,1,1,510236,0,143,2003,US-60,0000000,37.5102,-78.23302778
51,550,4,27,18,0,1,2,1,0,16,5,0,8,0,1,1,1,2,15,1,1,2,1,0,0,0,1,1,0,99,99,99,99,99,99,0,16,0,0,1,1,0,510249,468,0,2003,WILLOWPOINTDR,0000000,,
53,47,4,27,23,59,1,1,0,0,13,3,3,42,0,1,6,1,2,60,1,2,2,1,0,0,0,2,1,0,0,0,0,0,0,0,0,0,0,0,1,1,1,530136,0,676,2003,SR-155,0000000,48.370569444,-119.3419167
55,87,4,27,20,47,1,2,0,0,6,5,0,45,0,1,1,1,2,55,1,9,2,1,0,0,0,9,1,0,20,50,21,0,0,0,0,0,0,0,2,1,2,550208,0,0,2003,STINGLE RD,0000000,44.430619444,-88.43975